Date,Price,Quatity Sold
Nov 18 2019 01: +0,4.304,2055
Nov 19 2019 01: +0,1.473,263089
Nov 20 2019 01: +0,1.462,117090
Nov 21 2019 01: +0,1.53,78466
Nov 22 2019 01: +0,1.502,69147
Nov 23 2019 01: +0,1.501,60552
Nov 24 2019 01: +0,1.542,49755
Nov 25 2019 01: +0,1.732,35983
Nov 26 2019 01: +0,1.598,53929
Nov 27 2019 01: +0,0.928,131507
Nov 28 2019 01: +0,0.983,69923
Nov 29 2019 01: +0,1.176,59022
Nov 30 2019 01: +0,1.257,46878
Dec 01 2019 01: +0,1.18,39549
Dec 02 2019 01: +0,1.115,32320
Dec 03 2019 01: +0,1.056,33805
Dec 04 2019 01: +0,1.07,35784
Dec 05 2019 01: +0,1.016,34671
Dec 06 2019 01: +0,1.091,31499
Dec 07 2019 01: +0,1.074,33439
Dec 08 2019 01: +0,1.063,29101
Dec 09 2019 01: +0,1.044,24105
Dec 10 2019 01: +0,0.996,24898
Dec 11 2019 01: +0,0.957,28134
Dec 12 2019 01: +0,0.994,24498
Dec 13 2019 01: +0,1.073,26750
Dec 14 2019 01: +0,1.136,25654
Dec 15 2019 01: +0,1.115,23704
Dec 16 2019 01: +0,1.091,20636
Dec 17 2019 01: +0,1.002,31543
Dec 18 2019 01: +0,0.659,69863
Dec 19 2019 01: +0,0.666,43522
Dec 20 2019 01: +0,0.695,39292
Dec 21 2019 01: +0,0.758,36203
Dec 22 2019 01: +0,0.763,32157
Dec 23 2019 01: +0,0.811,30738
Dec 24 2019 01: +0,0.847,32315
Dec 25 2019 01: +0,0.755,69971
Dec 26 2019 01: +0,0.777,47117
Dec 27 2019 01: +0,0.746,41551
Dec 28 2019 01: +0,0.76,37408
Dec 29 2019 01: +0,0.787,32254
Dec 30 2019 01: +0,0.844,33683
Dec 31 2019 01: +0,0.905,28889
Jan 01 2020 01: +0,0.876,36262
Jan 02 2020 01: +0,0.849,34176
Jan 03 2020 01: +0,0.873,32577
Jan 04 2020 01: +0,0.92,29421
Jan 05 2020 01: +0,0.916,26532
Jan 06 2020 01: +0,0.908,22892
Jan 07 2020 01: +0,0.887,22780
Jan 08 2020 01: +0,0.837,28540
Jan 09 2020 01: +0,0.864,25831
Jan 10 2020 01: +0,0.863,27389
Jan 11 2020 01: +0,0.85,29212
Jan 12 2020 01: +0,0.852,26162
Jan 13 2020 01: +0,0.857,21894
Jan 14 2020 01: +0,0.838,27713
Jan 15 2020 01: +0,0.689,71627
Jan 16 2020 01: +0,0.687,42397
Jan 17 2020 01: +0,0.72,37036
Jan 18 2020 01: +0,0.745,35200
Jan 19 2020 01: +0,0.761,32717
Jan 20 2020 01: +0,0.75,26007
Jan 21 2020 01: +0,0.731,30013
Jan 22 2020 01: +0,0.664,63342
Jan 23 2020 01: +0,0.667,45083
Jan 24 2020 01: +0,0.685,43953
Jan 25 2020 01: +0,0.695,41719
Jan 26 2020 01: +0,0.693,35149
Jan 27 2020 01: +0,0.689,27683
Jan 28 2020 01: +0,0.698,28214
Jan 29 2020 01: +0,0.713,34565
Jan 30 2020 01: +0,0.734,26552
Jan 31 2020 01: +0,0.772,33772
Feb 01 2020 01: +0,0.8,36756
Feb 02 2020 01: +0,0.802,31830
Feb 03 2020 01: +0,0.823,28035
Feb 04 2020 01: +0,0.867,32733
Feb 05 2020 01: +0,0.869,33192
Feb 06 2020 01: +0,0.869,30233
Feb 07 2020 01: +0,0.745,64651
Feb 08 2020 01: +0,0.728,61714
Feb 09 2020 01: +0,0.702,54015
Feb 10 2020 01: +0,0.686,43302
Feb 11 2020 01: +0,0.672,45464
Feb 12 2020 01: +0,0.663,84103
Feb 13 2020 01: +0,0.701,61945
Feb 14 2020 01: +0,0.75,55876
Feb 15 2020 01: +0,0.755,58739
Feb 16 2020 01: +0,0.718,52680
Feb 17 2020 01: +0,0.708,42503
Feb 18 2020 01: +0,0.691,39526
Feb 19 2020 01: +0,0.683,57605
Feb 20 2020 01: +0,0.674,46761
Feb 21 2020 01: +0,0.683,46852
Feb 22 2020 01: +0,0.68,48153
Feb 23 2020 01: +0,0.675,48898
Feb 24 2020 01: +0,0.684,46030
Feb 25 2020 01: +0,0.715,71009
Feb 26 2020 01: +0,0.775,135620
Feb 27 2020 01: +0,0.941,123736
Feb 28 2020 01: +0,1.157,96230
Feb 29 2020 01: +0,1.104,78891
Mar 01 2020 01: +0,0.984,70722
Mar 02 2020 01: +0,0.944,54619
Mar 03 2020 01: +0,0.894,57198
Mar 04 2020 01: +0,0.897,81919
Mar 05 2020 01: +0,0.82,70552
Mar 06 2020 01: +0,0.847,63850
Mar 07 2020 01: +0,0.857,66423
Mar 08 2020 01: +0,0.843,61567
Mar 09 2020 01: +0,0.861,65784
Mar 10 2020 01: +0,0.902,49467
Mar 11 2020 01: +0,0.872,46697
Mar 12 2020 01: +0,0.861,48276
Mar 13 2020 01: +0,0.823,50848
Mar 14 2020 01: +0,0.788,57887
Mar 15 2020 01: +0,0.73,60899
Mar 16 2020 01: +0,0.687,53186
Mar 17 2020 01: +0,0.69,49678
Mar 18 2020 01: +0,0.708,47635
Mar 19 2020 01: +0,0.719,44914
Mar 20 2020 01: +0,0.714,46603
Mar 21 2020 01: +0,0.742,47193
Mar 22 2020 01: +0,0.783,50710
Mar 23 2020 01: +0,0.812,50446
Mar 24 2020 01: +0,0.793,40219
Mar 25 2020 01: +0,0.763,47482
Mar 26 2020 01: +0,0.758,43293
Mar 27 2020 01: +0,0.811,48091
Mar 28 2020 01: +0,0.854,46213
Mar 29 2020 01: +0,0.84,54027
Mar 30 2020 01: +0,0.765,96674
Mar 31 2020 01: +0,0.75,85460
Apr 01 2020 01: +0,1.201,231520
Apr 02 2020 01: +0,1.158,61165
Apr 03 2020 01: +0,1.023,56026
Apr 04 2020 01: +0,1.161,81330
Apr 05 2020 01: +0,1.16,40672
Apr 06 2020 01: +0,1.099,33190
Apr 07 2020 01: +0,1.044,35270
Apr 08 2020 01: +0,1.019,31477
Apr 09 2020 01: +0,1.006,33262
Apr 10 2020 01: +0,0.994,29633
Apr 11 2020 01: +0,0.945,33283
Apr 12 2020 01: +0,0.941,26574
Apr 13 2020 01: +0,0.955,25233
Apr 14 2020 01: +0,1.042,37852
Apr 15 2020 01: +0,1.11,31003
Apr 16 2020 01: +0,1.089,23220
Apr 17 2020 01: +0,1.051,23418
Apr 18 2020 01: +0,1.061,21774
Apr 19 2020 01: +0,1.052,19615
Apr 20 2020 01: +0,1.026,17740
Apr 21 2020 01: +0,0.99,17067
Apr 22 2020 01: +0,0.976,17087
Apr 23 2020 01: +0,0.945,16373
Apr 24 2020 01: +0,0.919,16677
Apr 25 2020 01: +0,0.957,15716
Apr 26 2020 01: +0,0.956,16496
Apr 27 2020 01: +0,0.925,15418
Apr 28 2020 01: +0,0.927,16356
Apr 29 2020 01: +0,0.955,16541
Apr 30 2020 01: +0,0.973,17514
May 01 2020 01: +0,1.016,22989
May 02 2020 01: +0,1.052,18824
May 03 2020 01: +0,1.05,15625
May 04 2020 01: +0,1.029,13703
May 05 2020 01: +0,1.027,13804
May 06 2020 01: +0,1.04,14205
May 07 2020 01: +0,1.064,19304
May 08 2020 01: +0,1.127,27782
May 09 2020 01: +0,1.181,24723
May 10 2020 01: +0,1.244,35946
May 11 2020 01: +0,1.342,42711
May 12 2020 01: +0,1.396,28666
May 13 2020 01: +0,1.347,21199
May 14 2020 01: +0,1.375,19116
May 15 2020 01: +0,1.441,25699
May 16 2020 01: +0,1.728,53447
May 17 2020 01: +0,1.824,28998
May 18 2020 01: +0,1.736,20099
May 19 2020 01: +0,1.637,18367
May 20 2020 01: +0,1.711,15721
May 21 2020 01: +0,1.759,14511
May 22 2020 01: +0,1.712,13893
May 23 2020 01: +0,1.667,13962
May 24 2020 01: +0,1.647,14123
May 25 2020 01: +0,1.526,18635
May 26 2020 01: +0,1.455,23711
May 27 2020 01: +0,1.51,13839
May 28 2020 01: +0,1.562,12301
May 29 2020 01: +0,1.6,13610
May 30 2020 01: +0,1.632,11675
May 31 2020 01: +0,1.635,11485
Jun 01 2020 01: +0,1.627,9665
Jun 02 2020 01: +0,1.588,9257
Jun 03 2020 01: +0,1.556,9369
Jun 04 2020 01: +0,1.58,9751
Jun 05 2020 01: +0,1.548,9639
Jun 06 2020 01: +0,1.546,9237
Jun 07 2020 01: +0,1.521,8975
Jun 08 2020 01: +0,1.474,11725
Jun 09 2020 01: +0,1.482,8703
Jun 10 2020 01: +0,1.479,8499
Jun 11 2020 01: +0,1.504,7558
Jun 12 2020 01: +0,1.467,8174
Jun 13 2020 01: +0,1.466,7666
Jun 14 2020 01: +0,1.458,7679
Jun 15 2020 01: +0,1.455,8052
Jun 16 2020 01: +0,1.445,9076
Jun 17 2020 01: +0,1.436,9908
Jun 18 2020 01: +0,1.453,9110
Jun 19 2020 01: +0,1.431,8883
Jun 20 2020 01: +0,1.433,8316
Jun 21 2020 01: +0,1.417,9071
Jun 22 2020 01: +0,1.414,7500
Jun 23 2020 01: +0,1.388,9551
Jun 24 2020 01: +0,1.334,14371
Jun 25 2020 01: +0,1.31,18338
Jun 26 2020 01: +0,1.461,22660
Jun 27 2020 01: +0,1.549,13891
Jun 28 2020 01: +0,1.531,10869
Jun 29 2020 01: +0,1.534,10378
Jun 30 2020 01: +0,1.556,12064
Jul 01 2020 01: +0,1.588,10206
Jul 02 2020 01: +0,1.598,9922
Jul 03 2020 01: +0,1.556,10643
Jul 04 2020 01: +0,1.565,7995
Jul 05 2020 01: +0,1.568,8046
Jul 06 2020 01: +0,1.566,9576
Jul 07 2020 01: +0,1.595,8717
Jul 08 2020 01: +0,1.604,8291
Jul 09 2020 01: +0,1.603,8431
Jul 10 2020 01: +0,1.68,9360
Jul 11 2020 01: +0,1.829,10722
Jul 12 2020 01: +0,1.896,9618
Jul 13 2020 01: +0,1.909,9222
Jul 14 2020 01: +0,1.93,9595
Jul 15 2020 01: +0,2.1,17239
Jul 16 2020 01: +0,2.217,11996
Jul 17 2020 01: +0,2.262,10822
Jul 18 2020 01: +0,2.495,22640
Jul 19 2020 01: +0,2.821,26101
Jul 20 2020 01: +0,3.133,23154
Jul 21 2020 01: +0,2.864,13670
Jul 22 2020 01: +0,2.814,9234
Jul 23 2020 01: +0,2.752,6391
Jul 24 2020 01: +0,2.793,7225
Jul 25 2020 01: +0,2.855,6668
Jul 26 2020 01: +0,2.748,6815
Jul 27 2020 01: +0,2.723,6520
Jul 28 2020 01: +0,2.687,5931
Jul 29 2020 01: +0,2.57,6813
Jul 30 2020 01: +0,2.579,5601
Jul 31 2020 01: +0,2.661,5698
Aug 01 2020 01: +0,2.642,5185
Aug 02 2020 01: +0,2.621,5400
Aug 03 2020 01: +0,2.569,4344
Aug 04 2020 01: +0,2.582,5981
Aug 05 2020 01: +0,2.582,4402
Aug 06 2020 01: +0,2.611,5091
Aug 07 2020 01: +0,2.043,100328
Aug 08 2020 01: +0,2.008,23607
Aug 09 2020 01: +0,1.865,29632
Aug 10 2020 01: +0,1.805,19632
Aug 11 2020 01: +0,1.711,19871
Aug 12 2020 01: +0,1.789,23608
Aug 13 2020 01: +0,1.973,9549
Aug 14 2020 01: +0,1.912,8949
Aug 15 2020 01: +0,1.815,9411
Aug 16 2020 01: +0,1.804,9123
Aug 17 2020 01: +0,1.745,7307
Aug 18 2020 01: +0,1.727,7957
Aug 19 2020 01: +0,1.701,8999
Aug 20 2020 01: +0,1.654,9913
Aug 21 2020 01: +0,1.58,11213
Aug 22 2020 01: +0,1.635,7540
Aug 23 2020 01: +0,1.648,6677
Aug 24 2020 01: +0,1.608,6316
Aug 25 2020 01: +0,1.597,8016
Aug 26 2020 01: +0,1.562,6783
Aug 27 2020 01: +0,1.509,7869
Aug 28 2020 01: +0,1.506,6998
Aug 29 2020 01: +0,1.528,8282
Aug 30 2020 01: +0,1.571,9775
Aug 31 2020 01: +0,1.712,9570
Sep 01 2020 01: +0,1.758,5511
Sep 02 2020 01: +0,1.705,4525
Sep 03 2020 01: +0,1.661,3918
Sep 04 2020 01: +0,1.627,4815
Sep 05 2020 01: +0,1.578,5939
Sep 06 2020 01: +0,1.558,5426
Sep 07 2020 01: +0,1.568,6034
Sep 08 2020 01: +0,1.548,4440
Sep 09 2020 01: +0,1.573,11022
Sep 10 2020 01: +0,1.623,5670
Sep 11 2020 01: +0,1.658,5497
Sep 12 2020 01: +0,1.59,6032
Sep 13 2020 01: +0,1.54,5973
Sep 14 2020 01: +0,1.527,5356
Sep 15 2020 01: +0,1.518,4551
Sep 16 2020 01: +0,1.523,4636
Sep 17 2020 01: +0,1.52,5483
Sep 18 2020 01: +0,1.515,5980
Sep 19 2020 01: +0,1.505,6271
Sep 20 2020 01: +0,1.498,6637
Sep 21 2020 01: +0,1.498,5247
Sep 22 2020 01: +0,1.475,4883
Sep 23 2020 01: +0,1.426,4800
Sep 24 2020 01: +0,1.398,6924
Sep 25 2020 01: +0,1.376,5993
Sep 26 2020 01: +0,1.375,5434
Sep 27 2020 01: +0,1.368,4961
Sep 28 2020 01: +0,1.357,5648
Sep 29 2020 01: +0,1.261,9256
Sep 30 2020 01: +0,1.206,10248
Oct 01 2020 01: +0,1.321,7004
Oct 02 2020 01: +0,1.359,5948
Oct 03 2020 01: +0,1.297,4678
Oct 04 2020 01: +0,1.245,6848
Oct 05 2020 01: +0,1.234,5710
Oct 06 2020 01: +0,1.228,4810
Oct 07 2020 01: +0,1.232,6836
Oct 08 2020 01: +0,1.268,5390
Oct 09 2020 01: +0,1.279,4791
Oct 10 2020 01: +0,1.273,3790
Oct 11 2020 01: +0,1.274,4800
Oct 12 2020 01: +0,1.284,3840
Oct 13 2020 01: +0,1.295,3723
Oct 14 2020 01: +0,1.337,6442
Oct 15 2020 01: +0,1.4,4364
Oct 16 2020 01: +0,1.393,4569
Oct 17 2020 01: +0,1.412,4872
Oct 18 2020 01: +0,1.425,4478
Oct 19 2020 01: +0,1.435,4975
Oct 20 2020 01: +0,1.428,3462
Oct 21 2020 01: +0,1.442,4056
Oct 22 2020 01: +0,1.451,4207
Oct 23 2020 01: +0,1.456,3514
Oct 24 2020 01: +0,1.511,5391
Oct 25 2020 01: +0,1.674,8072
Oct 26 2020 01: +0,1.672,4321
Oct 27 2020 01: +0,1.601,3800
Oct 28 2020 01: +0,1.599,3733
Oct 29 2020 01: +0,1.578,4311
Oct 30 2020 01: +0,1.538,4712
Oct 31 2020 01: +0,1.48,4247
Nov 01 2020 01: +0,1.483,4287
Nov 02 2020 01: +0,1.518,4619
Nov 03 2020 01: +0,1.521,3835
Nov 04 2020 01: +0,1.509,3247
Nov 05 2020 01: +0,1.483,3266
Nov 06 2020 01: +0,1.48,4170
Nov 07 2020 01: +0,1.375,8064
Nov 08 2020 01: +0,1.336,6135
Nov 09 2020 01: +0,1.302,8854
Nov 10 2020 01: +0,1.353,4521
Nov 11 2020 01: +0,1.326,5362
Nov 12 2020 01: +0,1.302,3914
Nov 13 2020 01: +0,1.296,5199
Nov 14 2020 01: +0,1.282,4935
Nov 15 2020 01: +0,1.281,6690
Nov 16 2020 01: +0,1.252,5338
Nov 17 2020 01: +0,1.252,5439
Nov 18 2020 01: +0,1.236,5533
Nov 19 2020 01: +0,1.26,4780
Nov 20 2020 01: +0,1.302,4801
Nov 21 2020 01: +0,1.349,4900
Nov 22 2020 01: +0,1.366,3823
Nov 23 2020 01: +0,1.332,4538
Nov 24 2020 01: +0,1.322,3489
Nov 25 2020 01: +0,1.283,3542
Nov 26 2020 01: +0,1.264,5868
Nov 27 2020 01: +0,1.268,6503
Nov 28 2020 01: +0,1.255,4301
Nov 29 2020 01: +0,1.274,4716
Nov 30 2020 01: +0,1.266,4560
Dec 01 2020 01: +0,1.27,4888
Dec 02 2020 01: +0,1.283,3695
Dec 03 2020 01: +0,1.28,14932
Dec 04 2020 01: +0,1.09,37384
Dec 05 2020 01: +0,1.094,13109
Dec 06 2020 01: +0,1.069,9926
Dec 07 2020 01: +0,1.064,6661
Dec 08 2020 01: +0,1.048,5384
Dec 09 2020 01: +0,1.026,6821
Dec 10 2020 01: +0,1.017,5397
Dec 11 2020 01: +0,1.028,6322
Dec 12 2020 01: +0,1.047,5741
Dec 13 2020 01: +0,1.035,6866
Dec 14 2020 01: +0,1.026,3113
Dec 15 2020 01: +0,1.031,4432
Dec 16 2020 01: +0,1.042,3825
Dec 17 2020 01: +0,1.046,3971
Dec 18 2020 01: +0,1.035,6785
Dec 19 2020 01: +0,1.035,4256
Dec 20 2020 01: +0,1.037,4769
Dec 21 2020 01: +0,1.051,4409
Dec 22 2020 01: +0,1.106,5917
Dec 23 2020 01: +0,1.181,6210
Dec 24 2020 01: +0,1.153,4430
Dec 25 2020 01: +0,1.192,4774
Dec 26 2020 01: +0,1.236,4293
Dec 27 2020 01: +0,1.234,2859
Dec 28 2020 01: +0,1.256,3992
Dec 29 2020 01: +0,1.226,2810
Dec 30 2020 01: +0,1.232,4529
Dec 31 2020 01: +0,1.21,3404
Jan 01 2021 01: +0,1.229,4405
Jan 02 2021 01: +0,1.305,4993
Jan 03 2021 01: +0,1.276,3873
Jan 04 2021 01: +0,1.272,3847
Jan 05 2021 01: +0,1.284,5590
Jan 06 2021 01: +0,1.276,3552
Jan 07 2021 01: +0,1.263,4535
Jan 08 2021 01: +0,1.234,3532
Jan 09 2021 01: +0,1.268,4819
Jan 10 2021 01: +0,1.232,2978
Jan 11 2021 01: +0,1.228,6404
Jan 12 2021 01: +0,1.219,3395
Jan 13 2021 01: +0,1.207,3190
Jan 14 2021 01: +0,1.19,3301
Jan 15 2021 01: +0,1.194,4217
Jan 16 2021 01: +0,1.219,4333
Jan 17 2021 01: +0,1.202,3407
Jan 18 2021 01: +0,1.199,4761
Jan 19 2021 01: +0,1.229,10356
Jan 20 2021 01: +0,1.244,3775
Jan 21 2021 01: +0,1.229,3212
Jan 22 2021 01: +0,1.208,4254
Jan 23 2021 01: +0,1.217,3836
Jan 24 2021 01: +0,1.21,3499
Jan 25 2021 01: +0,1.194,3431
Jan 26 2021 01: +0,1.173,3358
Jan 27 2021 01: +0,1.161,4864
Jan 28 2021 01: +0,1.078,11771
Jan 29 2021 01: +0,1.107,6769
Jan 30 2021 01: +0,1.091,6802
Jan 31 2021 01: +0,1.103,3562
Feb 01 2021 01: +0,1.057,4168
Feb 02 2021 01: +0,1.053,4587
Feb 03 2021 01: +0,1.048,3001
Feb 04 2021 01: +0,1.014,3946
Feb 05 2021 01: +0,1.025,4677
Feb 06 2021 01: +0,1.024,5287
Feb 07 2021 01: +0,1.01,5242
Feb 08 2021 01: +0,1.02,6249
Feb 09 2021 01: +0,1.001,4430
Feb 10 2021 01: +0,1.0,3577
Feb 11 2021 01: +0,0.99,4424
Feb 12 2021 01: +0,0.977,5603
Feb 13 2021 01: +0,0.976,4653
Feb 14 2021 01: +0,0.947,10304
Feb 15 2021 01: +0,0.921,7557
Feb 16 2021 01: +0,0.94,3809
Feb 17 2021 01: +0,0.95,3839
Feb 18 2021 01: +0,0.957,4557
Feb 19 2021 01: +0,0.943,3129
Feb 20 2021 01: +0,0.931,4666
Feb 21 2021 01: +0,0.94,4884
Feb 22 2021 01: +0,0.94,3151
Feb 23 2021 01: +0,0.93,4936
Feb 24 2021 01: +0,0.946,5648
Feb 25 2021 01: +0,0.986,10633
Feb 26 2021 01: +0,1.105,6102
Feb 27 2021 01: +0,1.099,5901
Feb 28 2021 01: +0,1.075,4656
Mar 01 2021 01: +0,1.077,3892
Mar 02 2021 01: +0,1.068,4388
Mar 03 2021 01: +0,1.05,5878
Mar 04 2021 01: +0,1.048,5220
Mar 05 2021 01: +0,1.01,5378
Mar 06 2021 01: +0,1.023,4989
Mar 07 2021 01: +0,1.032,4242
Mar 08 2021 01: +0,1.052,4261
Mar 09 2021 01: +0,1.031,3800
Mar 10 2021 01: +0,1.039,3703
Mar 11 2021 01: +0,1.058,6088
Mar 12 2021 01: +0,1.057,6286
Mar 13 2021 01: +0,1.079,4973
Mar 14 2021 01: +0,1.053,3973
Mar 15 2021 01: +0,1.065,5007
Mar 16 2021 01: +0,1.057,3469
Mar 17 2021 01: +0,1.042,4818
Mar 18 2021 01: +0,1.035,4005
Mar 19 2021 01: +0,1.008,5044
Mar 20 2021 01: +0,1.016,4028
Mar 21 2021 01: +0,1.008,3325
Mar 22 2021 01: +0,1.007,4163
Mar 23 2021 01: +0,0.987,3781
Mar 24 2021 01: +0,0.981,4409
Mar 25 2021 01: +0,0.992,4575
Mar 26 2021 01: +0,1.005,4557
Mar 27 2021 01: +0,1.022,3805
Mar 28 2021 01: +0,1.022,4249
Mar 29 2021 01: +0,1.008,3635
Mar 30 2021 01: +0,1.007,4621
Mar 31 2021 01: +0,1.01,5762
Apr 01 2021 01: +0,1.019,5515
Apr 02 2021 01: +0,1.022,5429
Apr 03 2021 01: +0,1.036,4666
Apr 04 2021 01: +0,1.047,4277
Apr 05 2021 01: +0,1.085,6778
Apr 06 2021 01: +0,1.148,4700
Apr 07 2021 01: +0,0.998,6355
Apr 08 2021 01: +0,0.931,8281
Apr 09 2021 01: +0,0.922,11421
Apr 10 2021 01: +0,0.913,6406
Apr 11 2021 01: +0,0.919,5565
Apr 12 2021 01: +0,0.91,5709
Apr 13 2021 01: +0,0.909,5401
Apr 14 2021 01: +0,0.927,2386
Apr 15 2021 01: +0,0.931,5086
Apr 16 2021 01: +0,0.938,4712
Apr 17 2021 01: +0,0.954,4376
Apr 18 2021 01: +0,1.017,4952
Apr 19 2021 01: +0,1.03,3959
Apr 20 2021 01: +0,1.009,3856
Apr 21 2021 01: +0,0.983,2664
Apr 22 2021 01: +0,0.985,4177
Apr 23 2021 01: +0,1.015,3753
Apr 24 2021 01: +0,1.029,2879
Apr 25 2021 01: +0,1.028,3087
Apr 26 2021 01: +0,1.011,2769
Apr 27 2021 01: +0,1.006,4180
Apr 28 2021 01: +0,0.986,2881
Apr 29 2021 01: +0,0.995,3749
Apr 30 2021 01: +0,1.034,4895
May 01 2021 01: +0,1.079,3816
May 02 2021 01: +0,1.123,4815
May 03 2021 01: +0,1.162,3293
May 04 2021 01: +0,1.082,4459
May 05 2021 01: +0,1.125,3546
May 06 2021 01: +0,1.125,3118
May 07 2021 01: +0,1.071,4564
May 08 2021 01: +0,1.098,3150
May 09 2021 01: +0,1.113,4169
May 10 2021 01: +0,1.137,3369
May 11 2021 01: +0,1.155,3901
May 12 2021 01: +0,1.182,3507
May 13 2021 01: +0,1.188,3580
May 14 2021 01: +0,1.217,2943
May 15 2021 01: +0,1.237,3454
May 16 2021 01: +0,1.255,3108
May 17 2021 01: +0,1.247,1991
May 18 2021 01: +0,1.262,2591
May 19 2021 01: +0,1.314,3755
May 20 2021 01: +0,1.365,3053
May 21 2021 01: +0,1.356,2732
May 22 2021 01: +0,1.398,5428
May 23 2021 01: +0,1.463,3330
May 24 2021 01: +0,1.534,3899
May 25 2021 01: +0,1.629,4179
May 26 2021 01: +0,1.662,3550
May 27 2021 01: +0,1.657,3292
May 28 2021 01: +0,1.618,3911
May 29 2021 01: +0,1.562,2635
May 30 2021 01: +0,1.529,2902
May 31 2021 01: +0,1.455,2292
Jun 01 2021 01: +0,1.506,2110
Jun 02 2021 01: +0,1.489,2361
Jun 03 2021 01: +0,1.501,2518
Jun 04 2021 01: +0,1.508,4633
Jun 05 2021 01: +0,1.598,4604
Jun 06 2021 01: +0,1.632,3035
Jun 07 2021 01: +0,1.61,2586
Jun 08 2021 01: +0,1.588,1893
Jun 09 2021 01: +0,1.615,2668
Jun 10 2021 01: +0,1.554,2010
Jun 11 2021 01: +0,1.571,2392
Jun 12 2021 01: +0,1.552,3050
Jun 13 2021 01: +0,1.507,2373
Jun 14 2021 01: +0,1.492,1819
Jun 15 2021 01: +0,1.519,3247
Jun 16 2021 01: +0,1.47,2079
Jun 17 2021 01: +0,1.493,3336
Jun 18 2021 01: +0,1.468,1866
Jun 19 2021 01: +0,1.452,2678
Jun 20 2021 01: +0,1.438,2668
Jun 21 2021 01: +0,1.408,1721
Jun 22 2021 01: +0,1.389,1820
Jun 23 2021 01: +0,1.325,2604
Jun 24 2021 01: +0,1.22,3226
Jun 25 2021 01: +0,1.224,3834
Jun 26 2021 01: +0,1.296,3021
Jun 27 2021 01: +0,1.286,2150
Jun 28 2021 01: +0,1.308,2170
Jun 29 2021 01: +0,1.295,2209
Jun 30 2021 01: +0,1.305,2397
Jul 01 2021 01: +0,1.266,1971
Jul 02 2021 01: +0,1.255,1984
Jul 03 2021 01: +0,1.261,2072
Jul 04 2021 01: +0,1.243,2054
Jul 05 2021 01: +0,1.208,2243
Jul 06 2021 01: +0,1.225,1781
Jul 07 2021 01: +0,1.217,2037
Jul 08 2021 01: +0,1.197,2192
Jul 09 2021 01: +0,1.263,1925
Jul 10 2021 01: +0,1.256,2333
Jul 11 2021 01: +0,1.257,1681
Jul 12 2021 01: +0,1.245,2427
Jul 13 2021 01: +0,1.261,3031
Jul 14 2021 01: +0,1.256,2325
Jul 15 2021 01: +0,1.262,1980
Jul 16 2021 01: +0,1.268,2116
Jul 17 2021 01: +0,1.261,1954
Jul 18 2021 01: +0,1.257,2022
Jul 19 2021 01: +0,1.276,1889
Jul 20 2021 01: +0,1.236,2366
Jul 21 2021 01: +0,1.22,2034
Jul 22 2021 01: +0,1.216,2576
Jul 23 2021 01: +0,1.263,2387
Jul 24 2021 01: +0,1.284,2439
Jul 25 2021 01: +0,1.256,1833
Jul 26 2021 01: +0,1.264,1799
Jul 27 2021 01: +0,1.286,1354
Jul 28 2021 01: +0,1.28,2187
Jul 29 2021 01: +0,1.254,1736
Jul 30 2021 01: +0,1.274,2237
Jul 31 2021 01: +0,1.277,2479
Aug 01 2021 01: +0,1.267,2125
Aug 02 2021 01: +0,1.28,2380
Aug 03 2021 01: +0,1.275,1873
Aug 04 2021 01: +0,1.251,2376
Aug 05 2021 01: +0,1.292,2199
Aug 06 2021 01: +0,1.261,2663
Aug 07 2021 01: +0,1.274,2549
Aug 08 2021 01: +0,1.252,2323
Aug 09 2021 01: +0,1.249,2147
Aug 10 2021 01: +0,1.239,2366
Aug 11 2021 01: +0,1.222,1711
Aug 12 2021 01: +0,1.21,2018
Aug 13 2021 01: +0,1.213,1831
Aug 14 2021 01: +0,1.202,2088
Aug 14 2021 19: +0,1.06,443
Aug 14 2021 20: +0,1.064,309
Aug 14 2021 21: +0,1.235,594
Aug 14 2021 22: +0,1.24,198
Aug 14 2021 23: +0,1.247,142
Aug 15 2021 00: +0,1.217,26
Aug 15 2021 01: +0,1.235,34
Aug 15 2021 02: +0,1.245,63
Aug 15 2021 03: +0,1.257,87
Aug 15 2021 04: +0,1.254,72
Aug 15 2021 05: +0,1.228,44
Aug 15 2021 06: +0,1.24,80
Aug 15 2021 07: +0,1.24,119
Aug 15 2021 08: +0,1.24,191
Aug 15 2021 09: +0,1.236,151
Aug 15 2021 10: +0,1.217,86
Aug 15 2021 11: +0,1.22,99
Aug 15 2021 12: +0,1.191,38
Aug 15 2021 13: +0,1.217,94
Aug 15 2021 14: +0,1.224,127
Aug 15 2021 15: +0,1.224,198
Aug 15 2021 16: +0,1.23,124
Aug 15 2021 17: +0,1.224,75
Aug 15 2021 18: +0,1.168,42
Aug 15 2021 19: +0,1.19,69
Aug 15 2021 20: +0,1.217,99
Aug 15 2021 21: +0,1.21,90
Aug 15 2021 22: +0,1.189,20
Aug 15 2021 23: +0,1.169,20
Aug 16 2021 00: +0,1.229,40
Aug 16 2021 01: +0,1.182,26
Aug 16 2021 02: +0,1.23,41
Aug 16 2021 03: +0,1.228,50
Aug 16 2021 04: +0,1.2,33
Aug 16 2021 05: +0,1.23,98
Aug 16 2021 06: +0,1.23,86
Aug 16 2021 07: +0,1.24,76
Aug 16 2021 08: +0,1.235,56
Aug 16 2021 09: +0,1.22,53
Aug 16 2021 10: +0,1.235,70
Aug 16 2021 11: +0,1.062,68
Aug 16 2021 12: +0,1.204,53
Aug 16 2021 13: +0,1.218,70
Aug 16 2021 14: +0,1.047,244
Aug 16 2021 15: +0,1.19,118
Aug 16 2021 16: +0,1.19,128
Aug 16 2021 17: +0,1.217,187
Aug 16 2021 18: +0,1.224,78
Aug 16 2021 19: +0,1.22,102
Aug 16 2021 20: +0,1.191,70
Aug 16 2021 21: +0,1.236,89
Aug 16 2021 22: +0,1.224,54
Aug 16 2021 23: +0,1.153,31
Aug 17 2021 00: +0,1.208,39
Aug 17 2021 01: +0,1.22,29
Aug 17 2021 02: +0,1.23,53
Aug 17 2021 03: +0,1.224,34
Aug 17 2021 04: +0,1.23,43
Aug 17 2021 05: +0,1.224,43
Aug 17 2021 06: +0,1.23,68
Aug 17 2021 07: +0,1.23,243
Aug 17 2021 08: +0,1.224,123
Aug 17 2021 09: +0,1.2,55
Aug 17 2021 10: +0,1.188,78
Aug 17 2021 11: +0,1.177,93
Aug 17 2021 12: +0,1.191,132
Aug 17 2021 13: +0,1.193,116
Aug 17 2021 14: +0,1.223,113
Aug 17 2021 15: +0,1.186,104
Aug 17 2021 16: +0,1.22,117
Aug 17 2021 17: +0,1.215,144
Aug 17 2021 18: +0,1.165,72
Aug 17 2021 19: +0,1.169,102
Aug 17 2021 20: +0,1.208,176
Aug 17 2021 21: +0,1.196,98
Aug 17 2021 22: +0,1.205,115
Aug 17 2021 23: +0,1.208,47
Aug 18 2021 00: +0,1.208,101
Aug 18 2021 01: +0,1.21,95
Aug 18 2021 02: +0,1.21,42
Aug 18 2021 03: +0,1.204,38
Aug 18 2021 04: +0,1.208,68
Aug 18 2021 05: +0,1.21,58
Aug 18 2021 06: +0,1.21,47
Aug 18 2021 07: +0,1.219,79
Aug 18 2021 08: +0,1.22,98
Aug 18 2021 09: +0,1.2,66
Aug 18 2021 10: +0,1.176,59
Aug 18 2021 11: +0,1.188,100
Aug 18 2021 12: +0,1.15,74
Aug 18 2021 13: +0,1.161,146
Aug 18 2021 14: +0,1.147,56
Aug 18 2021 15: +0,1.171,131
Aug 18 2021 16: +0,1.152,200
Aug 18 2021 17: +0,1.147,212
Aug 18 2021 18: +0,1.16,217
Aug 18 2021 19: +0,1.161,107
Aug 18 2021 20: +0,1.161,159
Aug 18 2021 21: +0,1.17,162
Aug 18 2021 22: +0,1.065,184
Aug 18 2021 23: +0,1.185,105
Aug 19 2021 00: +0,1.201,60
Aug 19 2021 01: +0,1.197,29
Aug 19 2021 02: +0,1.2,107
Aug 19 2021 03: +0,1.2,131
Aug 19 2021 04: +0,1.182,29
Aug 19 2021 05: +0,1.2,61
Aug 19 2021 06: +0,1.21,103
Aug 19 2021 07: +0,1.2,90
Aug 19 2021 08: +0,1.206,68
Aug 19 2021 09: +0,1.208,300
Aug 19 2021 10: +0,1.201,78
Aug 19 2021 11: +0,1.208,63
Aug 19 2021 12: +0,1.215,128
Aug 19 2021 13: +0,1.21,266
Aug 19 2021 14: +0,1.214,256
Aug 19 2021 15: +0,1.206,110
Aug 19 2021 16: +0,1.207,93
Aug 19 2021 17: +0,1.207,91
Aug 19 2021 18: +0,1.197,93
Aug 19 2021 19: +0,1.211,132
Aug 19 2021 20: +0,1.217,162
Aug 19 2021 21: +0,1.206,127
Aug 19 2021 22: +0,1.216,133
Aug 19 2021 23: +0,1.211,91
Aug 20 2021 00: +0,1.197,93
Aug 20 2021 01: +0,1.2,132
Aug 20 2021 02: +0,1.2,159
Aug 20 2021 03: +0,1.216,84
Aug 20 2021 04: +0,1.21,103
Aug 20 2021 05: +0,1.22,86
Aug 20 2021 06: +0,1.22,144
Aug 20 2021 07: +0,1.197,99
Aug 20 2021 08: +0,1.156,103
Aug 20 2021 09: +0,1.212,157
Aug 20 2021 10: +0,1.2,99
Aug 20 2021 11: +0,1.205,74
Aug 20 2021 12: +0,1.19,63
Aug 20 2021 13: +0,1.177,67
Aug 20 2021 14: +0,1.077,138
Aug 20 2021 15: +0,1.076,88
Aug 20 2021 16: +0,1.171,109
Aug 20 2021 17: +0,1.216,137
Aug 20 2021 18: +0,1.216,91
Aug 20 2021 19: +0,1.2,158
Aug 20 2021 20: +0,1.21,88
Aug 20 2021 21: +0,1.198,121
Aug 20 2021 22: +0,1.214,217
Aug 20 2021 23: +0,1.21,161
Aug 21 2021 00: +0,1.21,111
Aug 21 2021 01: +0,1.22,110
Aug 21 2021 02: +0,1.22,102
Aug 21 2021 03: +0,1.213,76
Aug 21 2021 04: +0,1.22,165
Aug 21 2021 05: +0,1.21,65
Aug 21 2021 06: +0,1.217,127
Aug 21 2021 07: +0,1.22,122
Aug 21 2021 08: +0,1.201,35
Aug 21 2021 09: +0,1.171,59
Aug 21 2021 10: +0,1.162,75
Aug 21 2021 11: +0,1.167,152
Aug 21 2021 12: +0,1.21,91
Aug 21 2021 13: +0,1.121,113
Aug 21 2021 14: +0,1.121,109
Aug 21 2021 15: +0,1.195,64
Aug 21 2021 16: +0,1.204,90
Aug 21 2021 17: +0,1.2,114
Aug 21 2021 18: +0,1.203,241
Aug 21 2021 19: +0,1.194,128
Aug 21 2021 20: +0,1.179,122
Aug 21 2021 21: +0,1.179,91
Aug 21 2021 22: +0,1.19,60
Aug 21 2021 23: +0,1.201,90
Aug 22 2021 00: +0,1.202,128
Aug 22 2021 01: +0,1.202,123
Aug 22 2021 02: +0,1.2,77
Aug 22 2021 03: +0,1.212,95
Aug 22 2021 04: +0,1.218,44
Aug 22 2021 05: +0,1.212,95
Aug 22 2021 06: +0,1.212,68
Aug 22 2021 07: +0,1.22,101
Aug 22 2021 08: +0,1.22,140
Aug 22 2021 09: +0,1.148,98
Aug 22 2021 10: +0,1.212,174
Aug 22 2021 11: +0,1.222,94
Aug 22 2021 12: +0,1.223,129
Aug 22 2021 13: +0,1.214,82
Aug 22 2021 14: +0,1.222,125
Aug 22 2021 15: +0,1.226,220
Aug 22 2021 16: +0,1.167,151
Aug 22 2021 17: +0,1.17,212
Aug 22 2021 18: +0,1.172,173
Aug 22 2021 19: +0,1.226,109
Aug 22 2021 20: +0,1.212,138
Aug 22 2021 21: +0,1.22,125
Aug 22 2021 22: +0,1.22,118
Aug 22 2021 23: +0,1.22,56
Aug 23 2021 00: +0,1.22,64
Aug 23 2021 01: +0,1.22,54
Aug 23 2021 02: +0,1.23,45
Aug 23 2021 03: +0,1.229,111
Aug 23 2021 04: +0,1.23,70
Aug 23 2021 05: +0,1.22,49
Aug 23 2021 06: +0,1.224,32
Aug 23 2021 07: +0,1.22,34
Aug 23 2021 08: +0,1.215,22
Aug 23 2021 09: +0,1.208,17
Aug 23 2021 10: +0,1.185,23
Aug 23 2021 11: +0,1.214,52
Aug 23 2021 12: +0,1.2,29
Aug 23 2021 13: +0,1.2,85
Aug 23 2021 14: +0,1.199,177
Aug 23 2021 15: +0,1.206,99
Aug 23 2021 16: +0,1.214,85
Aug 23 2021 17: +0,1.202,58
Aug 23 2021 18: +0,1.202,57
Aug 23 2021 19: +0,1.202,71
Aug 23 2021 20: +0,1.168,160
Aug 23 2021 21: +0,1.206,86
Aug 23 2021 22: +0,1.197,58
Aug 23 2021 23: +0,1.114,315
Aug 24 2021 00: +0,1.173,167
Aug 24 2021 01: +0,1.21,100
Aug 24 2021 02: +0,1.21,86
Aug 24 2021 03: +0,1.2,51
Aug 24 2021 04: +0,1.2,118
Aug 24 2021 05: +0,1.2,32
Aug 24 2021 06: +0,1.15,58
Aug 24 2021 07: +0,1.199,26
Aug 24 2021 08: +0,1.187,88
Aug 24 2021 09: +0,1.18,66
Aug 24 2021 10: +0,1.187,77
Aug 24 2021 11: +0,1.194,33
Aug 24 2021 12: +0,1.2,107
Aug 24 2021 13: +0,1.202,249
Aug 24 2021 14: +0,1.193,68
Aug 24 2021 15: +0,1.201,78
Aug 24 2021 16: +0,1.184,97
Aug 24 2021 17: +0,1.184,100
Aug 24 2021 18: +0,1.208,186
Aug 24 2021 19: +0,1.184,140
Aug 24 2021 20: +0,1.12,84
Aug 24 2021 21: +0,1.092,58
Aug 24 2021 22: +0,1.174,181
Aug 24 2021 23: +0,1.21,123
Aug 25 2021 00: +0,1.21,39
Aug 25 2021 01: +0,1.21,47
Aug 25 2021 02: +0,1.2,31
Aug 25 2021 03: +0,1.21,38
Aug 25 2021 04: +0,1.21,134
Aug 25 2021 05: +0,1.21,102
Aug 25 2021 06: +0,1.209,53
Aug 25 2021 07: +0,1.209,50
Aug 25 2021 08: +0,1.21,33
Aug 25 2021 09: +0,1.186,48
Aug 25 2021 10: +0,1.21,78
Aug 25 2021 11: +0,1.202,141
Aug 25 2021 12: +0,1.202,124
Aug 25 2021 13: +0,1.202,88
Aug 25 2021 14: +0,1.205,121
Aug 25 2021 15: +0,1.22,117
Aug 25 2021 16: +0,1.215,113
Aug 25 2021 17: +0,1.221,226
Aug 25 2021 18: +0,1.201,156
Aug 25 2021 19: +0,1.215,124
Aug 25 2021 20: +0,1.216,84
Aug 25 2021 21: +0,1.218,126
Aug 25 2021 22: +0,1.21,153
Aug 25 2021 23: +0,1.22,73
Aug 26 2021 00: +0,1.212,60
Aug 26 2021 01: +0,1.209,42
Aug 26 2021 02: +0,1.22,39
Aug 26 2021 03: +0,1.209,41
Aug 26 2021 04: +0,1.21,100
Aug 26 2021 05: +0,1.209,62
Aug 26 2021 06: +0,1.2,34
Aug 26 2021 07: +0,1.218,156
Aug 26 2021 08: +0,1.22,120
Aug 26 2021 09: +0,1.217,34
Aug 26 2021 10: +0,1.206,42
Aug 26 2021 11: +0,1.162,29
Aug 26 2021 12: +0,1.164,68
Aug 26 2021 13: +0,1.181,80
Aug 26 2021 14: +0,1.17,57
Aug 26 2021 15: +0,1.188,185
Aug 26 2021 16: +0,1.193,147
Aug 26 2021 17: +0,1.21,177
Aug 26 2021 18: +0,1.185,104
Aug 26 2021 19: +0,1.215,155
Aug 26 2021 20: +0,1.21,264
Aug 26 2021 21: +0,1.211,158
Aug 26 2021 22: +0,1.208,94
Aug 26 2021 23: +0,1.21,125
Aug 27 2021 00: +0,1.203,85
Aug 27 2021 01: +0,1.208,104
Aug 27 2021 02: +0,1.209,88
Aug 27 2021 03: +0,1.203,52
Aug 27 2021 04: +0,1.208,58
Aug 27 2021 05: +0,1.01,45
Aug 27 2021 06: +0,1.156,20
Aug 27 2021 07: +0,1.187,60
Aug 27 2021 08: +0,1.21,67
Aug 27 2021 09: +0,1.15,64
Aug 27 2021 10: +0,1.075,68
Aug 27 2021 11: +0,1.124,69
Aug 27 2021 12: +0,1.152,81
Aug 27 2021 13: +0,1.179,44
Aug 27 2021 14: +0,1.209,99
Aug 27 2021 15: +0,1.212,611
Aug 27 2021 16: +0,1.22,242
Aug 27 2021 17: +0,1.222,168
Aug 27 2021 18: +0,1.217,62
Aug 27 2021 19: +0,1.193,93
Aug 27 2021 20: +0,1.21,142
Aug 27 2021 21: +0,1.22,189
Aug 27 2021 22: +0,1.227,150
Aug 27 2021 23: +0,1.221,131
Aug 28 2021 00: +0,1.21,55
Aug 28 2021 01: +0,1.231,195
Aug 28 2021 02: +0,1.23,108
Aug 28 2021 03: +0,1.23,61
Aug 28 2021 04: +0,1.22,118
Aug 28 2021 05: +0,1.23,164
Aug 28 2021 06: +0,1.23,115
Aug 28 2021 07: +0,1.243,138
Aug 28 2021 08: +0,1.227,90
Aug 28 2021 09: +0,1.232,88
Aug 28 2021 10: +0,1.23,64
Aug 28 2021 11: +0,1.223,59
Aug 28 2021 12: +0,1.209,83
Aug 28 2021 13: +0,1.219,55
Aug 28 2021 14: +0,1.221,193
Aug 28 2021 15: +0,1.206,132
Aug 28 2021 16: +0,1.22,137
Aug 28 2021 17: +0,1.221,124
Aug 28 2021 18: +0,1.22,51
Aug 28 2021 19: +0,1.22,92
Aug 28 2021 20: +0,1.209,93
Aug 28 2021 21: +0,1.215,69
Aug 28 2021 22: +0,1.23,116
Aug 28 2021 23: +0,1.23,46
Aug 29 2021 00: +0,1.232,173
Aug 29 2021 01: +0,1.23,45
Aug 29 2021 02: +0,1.23,93
Aug 29 2021 03: +0,1.2,98
Aug 29 2021 04: +0,1.23,109
Aug 29 2021 05: +0,1.232,87
Aug 29 2021 06: +0,1.244,188
Aug 29 2021 07: +0,1.23,44
Aug 29 2021 08: +0,1.23,67
Aug 29 2021 09: +0,1.209,137
Aug 29 2021 10: +0,1.213,81
Aug 29 2021 11: +0,1.225,65
Aug 29 2021 12: +0,1.225,96
Aug 29 2021 13: +0,1.229,73
Aug 29 2021 14: +0,1.232,200
Aug 29 2021 15: +0,1.232,198
Aug 29 2021 16: +0,1.221,121
Aug 29 2021 17: +0,1.22,134
Aug 29 2021 18: +0,1.221,83
Aug 29 2021 19: +0,1.232,118
Aug 29 2021 20: +0,1.16,130
Aug 29 2021 21: +0,1.161,50
Aug 29 2021 22: +0,1.202,44
Aug 29 2021 23: +0,1.219,82
Aug 30 2021 00: +0,1.22,150
Aug 30 2021 01: +0,1.22,30
Aug 30 2021 02: +0,1.23,78
Aug 30 2021 03: +0,1.23,116
Aug 30 2021 04: +0,1.23,44
Aug 30 2021 05: +0,1.23,26
Aug 30 2021 06: +0,1.23,40
Aug 30 2021 07: +0,1.21,69
Aug 30 2021 08: +0,1.211,82
Aug 30 2021 09: +0,1.223,38
Aug 30 2021 10: +0,1.21,80
Aug 30 2021 11: +0,1.217,88
Aug 30 2021 12: +0,1.22,82
Aug 30 2021 13: +0,1.232,137
Aug 30 2021 14: +0,1.19,62
Aug 30 2021 15: +0,1.184,88
Aug 30 2021 16: +0,1.187,101
Aug 30 2021 17: +0,1.17,142
Aug 30 2021 18: +0,1.232,224
Aug 30 2021 19: +0,1.232,131
Aug 30 2021 20: +0,1.221,95
Aug 30 2021 21: +0,1.226,71
Aug 30 2021 22: +0,1.223,35
Aug 30 2021 23: +0,1.223,42
Aug 31 2021 00: +0,1.238,142
Aug 31 2021 01: +0,1.24,145
Aug 31 2021 02: +0,1.24,45
Aug 31 2021 03: +0,1.24,82
Aug 31 2021 04: +0,1.258,56
Aug 31 2021 05: +0,1.255,168
Aug 31 2021 06: +0,1.26,65
Aug 31 2021 07: +0,1.255,61
Aug 31 2021 08: +0,1.238,46
Aug 31 2021 09: +0,1.247,108
Aug 31 2021 10: +0,1.24,101
Aug 31 2021 11: +0,1.24,161
Aug 31 2021 12: +0,1.226,80
Aug 31 2021 13: +0,1.238,93
Aug 31 2021 14: +0,1.24,99
Aug 31 2021 15: +0,1.226,59
Aug 31 2021 16: +0,1.238,70
Aug 31 2021 17: +0,1.231,77
Aug 31 2021 18: +0,1.238,203
Aug 31 2021 19: +0,1.226,134
Aug 31 2021 20: +0,1.214,99
Aug 31 2021 21: +0,1.217,94
Aug 31 2021 22: +0,1.22,62
Aug 31 2021 23: +0,1.226,81
Sep 01 2021 00: +0,1.239,65
Sep 01 2021 01: +0,1.25,117
Sep 01 2021 02: +0,1.26,39
Sep 01 2021 03: +0,1.26,101
Sep 01 2021 04: +0,1.26,45
Sep 01 2021 05: +0,1.23,24
Sep 01 2021 06: +0,1.23,24
Sep 01 2021 07: +0,1.23,73
Sep 01 2021 08: +0,1.207,41
Sep 01 2021 09: +0,1.202,26
Sep 01 2021 10: +0,1.199,35
Sep 01 2021 11: +0,1.226,36
Sep 01 2021 12: +0,1.242,52
Sep 01 2021 13: +0,1.242,77
Sep 01 2021 14: +0,1.238,58
Sep 01 2021 15: +0,1.241,138
Sep 01 2021 16: +0,1.253,82
Sep 01 2021 17: +0,1.253,85
Sep 01 2021 18: +0,1.253,133
Sep 01 2021 19: +0,1.253,110
Sep 01 2021 20: +0,1.253,131
Sep 01 2021 21: +0,1.24,51
Sep 01 2021 22: +0,1.255,14
Sep 01 2021 23: +0,1.23,38
Sep 02 2021 00: +0,1.249,50
Sep 02 2021 01: +0,1.243,96
Sep 02 2021 02: +0,1.255,50
Sep 02 2021 03: +0,1.254,176
Sep 02 2021 04: +0,1.26,201
Sep 02 2021 05: +0,1.26,209
Sep 02 2021 06: +0,1.26,142
Sep 02 2021 07: +0,1.255,104
Sep 02 2021 08: +0,1.244,41
Sep 02 2021 09: +0,1.243,104
Sep 02 2021 10: +0,1.255,79
Sep 02 2021 11: +0,1.257,74
Sep 02 2021 12: +0,1.226,28
Sep 02 2021 13: +0,1.255,106
Sep 02 2021 14: +0,1.255,453
Sep 02 2021 15: +0,1.252,152
Sep 02 2021 16: +0,1.243,101
Sep 02 2021 17: +0,1.243,248
Sep 02 2021 18: +0,1.255,154
Sep 02 2021 19: +0,1.255,164
Sep 02 2021 20: +0,1.26,192
Sep 02 2021 21: +0,1.256,259
Sep 02 2021 22: +0,1.252,79
Sep 02 2021 23: +0,1.244,100
Sep 03 2021 00: +0,1.244,51
Sep 03 2021 01: +0,1.256,25
Sep 03 2021 02: +0,1.2,43
Sep 03 2021 03: +0,1.19,19
Sep 03 2021 04: +0,1.221,66
Sep 03 2021 05: +0,1.205,80
Sep 03 2021 06: +0,1.24,66
Sep 03 2021 07: +0,1.24,49
Sep 03 2021 08: +0,1.249,48
Sep 03 2021 09: +0,1.244,75
Sep 03 2021 10: +0,1.249,88
Sep 03 2021 11: +0,1.2,38
Sep 03 2021 12: +0,1.244,67
Sep 03 2021 13: +0,1.244,150
Sep 03 2021 14: +0,1.244,138
Sep 03 2021 15: +0,1.244,118
Sep 03 2021 16: +0,1.24,167
Sep 03 2021 17: +0,1.232,129
Sep 03 2021 18: +0,1.239,130
Sep 03 2021 19: +0,1.232,122
Sep 03 2021 20: +0,1.232,214
Sep 03 2021 21: +0,1.243,93
Sep 03 2021 22: +0,1.235,145
Sep 03 2021 23: +0,1.237,115
Sep 04 2021 00: +0,1.23,143
Sep 04 2021 01: +0,1.23,62
Sep 04 2021 02: +0,1.22,57
Sep 04 2021 03: +0,1.23,39
Sep 04 2021 04: +0,1.2,13
Sep 04 2021 05: +0,1.23,69
Sep 04 2021 06: +0,1.23,106
Sep 04 2021 07: +0,1.23,47
Sep 04 2021 08: +0,1.2,61
Sep 04 2021 09: +0,1.2,95
Sep 04 2021 10: +0,1.212,93
Sep 04 2021 11: +0,1.235,46
Sep 04 2021 12: +0,1.235,79
Sep 04 2021 13: +0,1.235,107
Sep 04 2021 14: +0,1.237,103
Sep 04 2021 15: +0,1.22,165
Sep 04 2021 16: +0,1.235,162
Sep 04 2021 17: +0,1.23,114
Sep 04 2021 18: +0,1.237,111
Sep 04 2021 19: +0,1.225,85
Sep 04 2021 20: +0,1.218,231
Sep 04 2021 21: +0,1.237,127
Sep 04 2021 22: +0,1.237,176
Sep 04 2021 23: +0,1.237,110
Sep 05 2021 00: +0,1.24,124
Sep 05 2021 01: +0,1.237,79
Sep 05 2021 02: +0,1.24,46
Sep 05 2021 03: +0,1.2,58
Sep 05 2021 04: +0,1.24,85
Sep 05 2021 05: +0,1.242,129
Sep 05 2021 06: +0,1.24,63
Sep 05 2021 07: +0,1.24,44
Sep 05 2021 08: +0,1.24,111
Sep 05 2021 09: +0,1.24,64
Sep 05 2021 10: +0,1.242,76
Sep 05 2021 11: +0,1.218,92
Sep 05 2021 12: +0,1.205,64
Sep 05 2021 13: +0,1.225,129
Sep 05 2021 14: +0,1.23,336
Sep 05 2021 15: +0,1.242,560
Sep 05 2021 16: +0,1.24,174
Sep 05 2021 17: +0,1.248,305
Sep 05 2021 18: +0,1.244,246
Sep 05 2021 19: +0,1.237,188
Sep 05 2021 20: +0,1.237,159
Sep 05 2021 21: +0,1.237,178
Sep 05 2021 22: +0,1.237,163
Sep 05 2021 23: +0,1.237,123
Sep 06 2021 00: +0,1.202,22
Sep 06 2021 01: +0,1.23,98
Sep 06 2021 02: +0,1.206,57
Sep 06 2021 03: +0,1.24,44
Sep 06 2021 04: +0,1.24,63
Sep 06 2021 05: +0,1.24,92
Sep 06 2021 06: +0,1.24,44
Sep 06 2021 07: +0,1.23,53
Sep 06 2021 08: +0,1.227,41
Sep 06 2021 09: +0,1.227,37
Sep 06 2021 10: +0,1.237,153
Sep 06 2021 11: +0,1.22,66
Sep 06 2021 12: +0,1.225,58
Sep 06 2021 13: +0,1.244,252
Sep 06 2021 14: +0,1.248,184
Sep 06 2021 15: +0,1.248,182
Sep 06 2021 16: +0,1.19,179
Sep 06 2021 17: +0,1.2,305
Sep 06 2021 18: +0,1.2,222
Sep 06 2021 19: +0,1.237,175
Sep 06 2021 20: +0,1.237,74
Sep 06 2021 21: +0,1.237,166
Sep 06 2021 22: +0,1.232,124
Sep 06 2021 23: +0,1.237,57
Sep 07 2021 00: +0,1.24,64
Sep 07 2021 01: +0,1.227,48
Sep 07 2021 02: +0,1.227,58
Sep 07 2021 03: +0,1.22,40
Sep 07 2021 04: +0,1.22,41
Sep 07 2021 05: +0,1.22,66
Sep 07 2021 06: +0,1.22,38
Sep 07 2021 07: +0,1.229,67
Sep 07 2021 08: +0,1.24,62
Sep 07 2021 09: +0,1.226,59
Sep 07 2021 10: +0,1.237,246
Sep 07 2021 11: +0,1.237,71
Sep 07 2021 12: +0,1.237,45
Sep 07 2021 13: +0,1.239,75
Sep 07 2021 14: +0,1.217,289
Sep 07 2021 15: +0,1.237,168
Sep 07 2021 16: +0,1.207,52
Sep 07 2021 17: +0,1.165,96
Sep 07 2021 18: +0,1.18,188
Sep 07 2021 19: +0,1.17,238
Sep 07 2021 20: +0,1.161,124
Sep 07 2021 21: +0,1.185,189
Sep 07 2021 22: +0,1.24,334
Sep 07 2021 23: +0,1.232,127
Sep 08 2021 00: +0,1.23,112
Sep 08 2021 01: +0,1.23,157
Sep 08 2021 02: +0,1.24,95
Sep 08 2021 03: +0,1.24,43
Sep 08 2021 04: +0,1.238,70
Sep 08 2021 05: +0,1.24,85
Sep 08 2021 06: +0,1.24,107
Sep 08 2021 07: +0,1.24,57
Sep 08 2021 08: +0,1.24,18
Sep 08 2021 09: +0,1.17,19
Sep 08 2021 10: +0,1.199,36
Sep 08 2021 11: +0,1.233,40
Sep 08 2021 12: +0,1.174,66
Sep 08 2021 13: +0,1.14,88
Sep 08 2021 14: +0,1.232,81
Sep 08 2021 15: +0,1.244,63
Sep 08 2021 16: +0,1.241,71
Sep 08 2021 17: +0,1.22,126
Sep 08 2021 18: +0,1.225,141
Sep 08 2021 19: +0,1.235,121
Sep 08 2021 20: +0,1.244,105
Sep 08 2021 21: +0,1.24,74
Sep 08 2021 22: +0,1.21,34
Sep 08 2021 23: +0,1.216,39
Sep 09 2021 00: +0,1.24,112
Sep 09 2021 01: +0,1.223,200
Sep 09 2021 02: +0,1.22,81
Sep 09 2021 03: +0,1.228,57
Sep 09 2021 04: +0,1.214,46
Sep 09 2021 05: +0,1.238,114
Sep 09 2021 06: +0,1.24,45
Sep 09 2021 07: +0,1.269,1278
Sep 09 2021 08: +0,1.289,280
Sep 09 2021 09: +0,1.298,189
Sep 09 2021 10: +0,1.29,66
Sep 09 2021 11: +0,1.29,89
Sep 09 2021 12: +0,1.29,96
Sep 09 2021 13: +0,1.287,51
Sep 09 2021 14: +0,1.287,153
Sep 09 2021 15: +0,1.293,146
Sep 09 2021 16: +0,1.28,58
Sep 09 2021 17: +0,1.276,111
Sep 09 2021 18: +0,1.297,199
Sep 09 2021 19: +0,1.287,233
Sep 09 2021 20: +0,1.287,91
Sep 09 2021 21: +0,1.297,312
Sep 09 2021 22: +0,1.287,81
Sep 09 2021 23: +0,1.266,72
Sep 10 2021 00: +0,1.276,91
Sep 10 2021 01: +0,1.277,76
Sep 10 2021 02: +0,1.29,73
Sep 10 2021 03: +0,1.293,84
Sep 10 2021 04: +0,1.29,106
Sep 10 2021 05: +0,1.28,63
Sep 10 2021 06: +0,1.276,45
Sep 10 2021 07: +0,1.29,64
Sep 10 2021 08: +0,1.29,161
Sep 10 2021 09: +0,1.286,42
Sep 10 2021 10: +0,1.289,98
Sep 10 2021 11: +0,1.245,115
Sep 10 2021 12: +0,1.287,105
Sep 10 2021 13: +0,1.288,83
Sep 10 2021 14: +0,1.277,85
Sep 10 2021 15: +0,1.29,220
Sep 10 2021 16: +0,1.295,155
Sep 10 2021 17: +0,1.277,94
Sep 10 2021 18: +0,1.277,122
Sep 10 2021 19: +0,1.293,252
Sep 10 2021 20: +0,1.289,163
Sep 10 2021 21: +0,1.289,213
Sep 10 2021 22: +0,1.277,120
Sep 10 2021 23: +0,1.29,184
Sep 11 2021 00: +0,1.292,119
Sep 11 2021 01: +0,1.301,199
Sep 11 2021 02: +0,1.3,84
Sep 11 2021 03: +0,1.31,53
Sep 11 2021 04: +0,1.31,100
Sep 11 2021 05: +0,1.31,113
Sep 11 2021 06: +0,1.307,48
Sep 11 2021 07: +0,1.31,58
Sep 11 2021 08: +0,1.275,60
Sep 11 2021 09: +0,1.3,93
Sep 11 2021 10: +0,1.321,86
Sep 11 2021 11: +0,1.328,156
Sep 11 2021 12: +0,1.275,98
Sep 11 2021 13: +0,1.27,145
Sep 11 2021 14: +0,1.18,178
Sep 11 2021 15: +0,1.34,203
Sep 11 2021 16: +0,1.355,144
Sep 11 2021 17: +0,1.36,170
Sep 11 2021 18: +0,1.357,174
Sep 11 2021 19: +0,1.344,103
Sep 11 2021 20: +0,1.325,106
Sep 11 2021 21: +0,1.159,153
Sep 11 2021 22: +0,1.159,110
Sep 11 2021 23: +0,1.162,82
Sep 12 2021 00: +0,1.27,31
Sep 12 2021 01: +0,1.301,68
Sep 12 2021 02: +0,1.231,24
Sep 12 2021 03: +0,1.34,143
Sep 12 2021 04: +0,1.35,29
Sep 12 2021 05: +0,1.35,51
Sep 12 2021 06: +0,1.35,76
Sep 12 2021 07: +0,1.309,94
Sep 12 2021 08: +0,1.35,39
Sep 12 2021 09: +0,1.325,27
Sep 12 2021 10: +0,1.346,69
Sep 12 2021 11: +0,1.254,67
Sep 12 2021 12: +0,1.207,198
Sep 12 2021 13: +0,1.233,139
Sep 12 2021 14: +0,1.219,70
Sep 12 2021 15: +0,1.261,226
Sep 12 2021 16: +0,1.17,512
Sep 12 2021 17: +0,1.248,170
Sep 12 2021 18: +0,1.325,103
Sep 12 2021 19: +0,1.313,135
Sep 12 2021 20: +0,1.3,159
Sep 12 2021 21: +0,1.313,137
Sep 12 2021 22: +0,1.277,34
Sep 12 2021 23: +0,1.31,74
Sep 13 2021 00: +0,1.323,50
Sep 13 2021 01: +0,1.313,52
Sep 13 2021 02: +0,1.328,59
Sep 13 2021 03: +0,1.34,25
Sep 13 2021 04: +0,1.297,51
Sep 13 2021 05: +0,1.29,172
Sep 13 2021 06: +0,1.373,363
Sep 13 2021 07: +0,1.395,140
Sep 13 2021 08: +0,1.398,62
Sep 13 2021 09: +0,1.334,39
Sep 13 2021 10: +0,1.298,193
Sep 13 2021 11: +0,1.368,50
Sep 13 2021 12: +0,1.289,28
Sep 13 2021 13: +0,1.357,91
Sep 13 2021 14: +0,1.336,49
Sep 13 2021 15: +0,1.35,91
Sep 13 2021 16: +0,1.218,296
Sep 13 2021 17: +0,1.208,154
Sep 13 2021 18: +0,1.194,142
Sep 13 2021 19: +0,1.217,92
Sep 13 2021 20: +0,1.248,66
Sep 13 2021 21: +0,1.32,91
Sep 13 2021 22: +0,1.334,82
Sep 13 2021 23: +0,1.33,25
Sep 14 2021 00: +0,1.34,90
Sep 14 2021 01: +0,1.354,35
Sep 14 2021 02: +0,1.344,69
Sep 14 2021 03: +0,1.325,34
Sep 14 2021 04: +0,1.326,29
Sep 14 2021 05: +0,1.34,46
Sep 14 2021 06: +0,1.346,55
Sep 14 2021 07: +0,1.18,130
Sep 14 2021 08: +0,1.34,81
Sep 14 2021 09: +0,1.356,113
Sep 14 2021 10: +0,1.356,70
Sep 14 2021 11: +0,1.299,72
Sep 14 2021 12: +0,1.273,18
Sep 14 2021 13: +0,1.311,40
Sep 14 2021 14: +0,1.352,84
Sep 14 2021 15: +0,1.361,172
Sep 14 2021 16: +0,1.37,181
Sep 14 2021 17: +0,1.371,120
